opt,name,kernal_size,lamda,sigma,dilation_level,fd
0,prostate,3,-1,0.001,0,0.29317607797706163
1,prostate,3,-1,0.001,5,0.8015563924536089
2,prostate,3,-1,0.001,7,0.7981198045838446
3,prostate,3,1,0.001,0,0.29317607797706163
4,prostate,3,1,0.001,5,0.799876769972044
5,prostate,3,1,0.001,7,0.7974975097925602
