,ADMM_Method.ADMMLoopNum,ADMM_Method.OptimInnerLoopNum,ADMM_Method.balance_scheduler_dict.begin_epoch,ADMM_Method.balance_scheduler_dict.max_value,ADMM_Method.kernel_size,ADMM_Method.lamda,ADMM_Method.sigma,DSC0,DSC1,Optim.lr,Trainer
0,1,1,0,0.7409204579857447,3,100,0.0001,0.9986866116523743,0.831278920173645,0.001,{'save_dir': 'runs/LV_prior/4J05MGG9'}
1,1,2,0,0.5217034857135223,3,100,0.0001,0.9984992146492004,0.8054296374320984,0.002,{'save_dir': 'runs/LV_prior/IZ7HWSK6'}
2,2,1,20,0.6112479602856142,3,100,0.0001,0.9986038208007812,0.8285003900527954,0.0005,{'save_dir': 'runs/LV_prior/V988RCYE'}
3,1,2,20,0.645830155085336,3,100,0.0001,0.9980144500732422,0.7612916827201843,0.002,{'save_dir': 'runs/LV_prior/WECNFETB'}
4,2,1,0,0.6418176727147534,3,100,0.0001,0.9984809160232544,0.8130257725715637,0.001,{'save_dir': 'runs/LV_prior/4Y238VHR'}
5,1,2,0,0.6165773746061834,3,100,0.0001,0.9983794093132019,0.8085288405418396,0.0005,{'save_dir': 'runs/LV_prior/30BFAZWD'}
6,2,1,0,0.5873865353935264,3,100,0.0001,0.9985923767089844,0.815642774105072,0.0001,{'save_dir': 'runs/LV_prior/IOKPII7R'}
